{"left_peak_freqs": [5.993585858585858, 5.995606060606061, 5.997626262626262, 5.999646464646465, 6.001666666666667, 6.003686868686868, 6.0057070707070705, 6.007727272727273, 6.009747474747475, 6.011767676767676, 6.013787878787879, 6.015808080808081, 6.017828282828283, 6.019848484848485, 6.021868686868687, 6.025909090909091, 6.027929292929293, 6.027929292929293, 6.027929292929293, 6.027929292929293, 6.027929292929293, 6.027929292929293, 6.027929292929293, 6.027929292929293, 6.027929292929293, 6.027929292929293, 6.027929292929293, 6.027929292929293, 6.027929292929293, 6.027929292929293], "right_peak_freqs": [6.06429292929293, 6.062272727272727, 6.060252525252525, 6.058232323232324, 6.056212121212121, 6.054191919191919, 6.052171717171717, 6.050151515151515, 6.050151515151515, 6.0481313131313135, 6.04611111111111, 6.044090909090909, 6.042070707070708, 6.0400505050505044, 6.036010101010102, 6.031969696969697, 6.029949494949495, 6.029949494949495, 6.029949494949495, 6.029949494949495, 6.029949494949495, 6.029949494949495, 6.029949494949495, 6.029949494949495, 6.029949494949495, 6.029949494949495, 6.029949494949495, 6.029949494949495, 6.029949494949495, 6.029949494949495], "peak_distances": [70.70707070707184, 66.66666666666555, 62.62626262626281, 58.585858585859185, 54.54545454545379, 50.50505050505105, 46.46464646464654, 42.42424242424203, 40.404040404039776, 36.36363636363704, 32.32323232323164, 28.28282828282802, 24.2424242424244, 20.202020202019888, 14.141414141414899, 6.060606060605878, 2.0202020202022553, 2.0202020202022553, 2.0202020202022553, 2.0202020202022553, 2.0202020202022553, 2.0202020202022553, 2.0202020202022553, 2.0202020202022553, 2.0202020202022553, 2.0202020202022553, 2.0202020202022553, 2.0202020202022553, 2.0202020202022553, 2.0202020202022553], "max_transmission_left": [-12.243195072907554, -14.055422957276818, -15.462731594437816, -16.60154216787504, -17.55072244617616, -18.359761508778334, -19.06145873456891, -19.678338254167407, -20.22620798254239, -20.71631644899925, -21.156797021781635, -21.55376357265332, -21.912276629661413, -22.237336889553248, -22.535039640158132, -22.806908626081793, -23.071868595887196, -23.373795395694252, -23.713387458936587, -24.087007326046233, -24.49101124699164, -24.921843201790566, -25.37610788574176, -25.850623075696994, -26.342453308713225, -26.848927668748985, -27.367644805826934, -27.896468254276115, -28.433514818267348, -28.977138372129588], "max_transmission_right": [-12.235590624274003, -14.010342905643345, -15.424763260759676, -16.583706337522962, -17.555381498597885, -18.38511702875794, -19.10387294152221, -19.73327524913313, -20.274860033177223, -20.75302759665263, -21.184678740856214, -21.575634594828482, -21.93059155939948, -22.254051082626262, -22.548314264856785, -22.812966721067383, -23.069908557433266, -23.366717303475205, -23.701256431665236, -24.06999133323405, -24.46936010437912, -24.89586666565353, -25.346154774874236, -25.81706273811716, -26.305660158793465, -26.809269030399655, -27.325471941631506, -27.85211023797168, -28.387274796616396, -28.92929173327928], "attenuations": [9.5, 9.0, 8.5, 8.0, 7.5, 7.0, 6.5, 6.0, 5.5, 5.0, 4.5, 4.0, 3.5, 3.0, 2.5, 2.0, 1.5, 1.0, 0.5, 0.0, -0.5, -1.0, -1.5, -2.0, -2.5, -3.0, -3.5, -4.0, -4.5, -5.0]}