{"max_transmission_freqs": [6.036010101010102, 6.036010101010102, 6.038030303030303, 6.038030303030303, 6.038030303030303, 6.038030303030303, 6.038030303030303, 6.033989898989899, 6.036010101010102, 6.036010101010102, 6.0400505050505044, 6.036010101010102, 6.036010101010102, 6.036010101010102, 6.036010101010102, 6.036010101010102, 6.036010101010102, 6.036010101010102, 6.036010101010102, 6.036010101010102, 6.036010101010102, 6.036010101010102, 6.036010101010102, 6.036010101010102, 6.036010101010102, 6.036010101010102, 6.036010101010102, 6.036010101010102, 6.036010101010102, 6.036010101010102], "max_transmission_values": [15.516055661970922, 14.837387982267074, 14.305456978517377, 13.435181078378351, 12.535089544984631, 11.606673037802025, 10.655498697604708, 9.701990497111073, 8.38538990771844, -4.635468741855995, 2.182221654493758, 0.03441957134499596, -7.411242740912748, -11.380243999622298, -14.115515442534551, -16.215282823030464, -17.928665920017778, -19.383509257669687, -20.65418869519062, -21.787789023354843, -22.815992763567962, -23.761124826005627, -24.639493936390586, -25.463363285803915, -26.242174462826398, -26.98334052207055, -27.692778386183974, -28.375277163084938, -29.034759624908666, -29.674472065408096], "attenuations": [9.5, 9.0, 8.5, 8.0, 7.5, 7.0, 6.5, 6.0, 5.5, 5.0, 4.5, 4.0, 3.5, 3.0, 2.5, 2.0, 1.5, 1.0, 0.5, 0.0, -0.5, -1.0, -1.5, -2.0, -2.5, -3.0, -3.5, -4.0, -4.5, -5.0]}